CLASS,CONTENT
spam,+447935454150 lovely girl talk to me xxxÔªø
ham,I always end up coming back to this song<br />Ôªø
spam,"my sister just received over 6,500 new <a rel=""nofollow"" class=""ot-hashtag"" href=""https://plus.google.com/s/%23active"">#active</a> youtube views Right now. The only thing she used was pimpmyviews. comÔªø"
ham,CoolÔªø
spam,Hello I&#39;am from PalastineÔªø
ham,Wow this video almost has a billion views! Didn&#39;t know it was so popular Ôªø
spam,Go check out my rapping video called Four Wheels please ‚ù§Ô∏èÔªø
ham,Almost 1 billionÔªø
spam,Aslamu Lykum... From PakistanÔªø
ham,Eminem is idol for very people in Espa√±a and Mexico or LatinoamericaÔªø
spam,Help me get 50 subs please Ôªø
ham,i love song :)Ôªø
spam,"Alright ladies, if you like this song, then check out John Rage.¬† He&#39;s a smoking hot rapper coming into the game.¬† He&#39;s not better than Eminem lyrically, but he&#39;s hotter. Hear some of his songs on my channel.Ôªø"
ham,The perfect example of abuse from husbands and the thing is I&#39;m a feminist so I definitely agree with this song and well...if I see this someone&#39;s going to die! Just sayin.Ôªø
ham,The boyfriend was Charlie from the TV show LOST Ôªø
spam,"<a href=""https://www.facebook.com/groups/100877300245414/"">https://www.facebook.com/groups/100877300245414/</a>Ôªø"
spam,Take a look at this video on YouTube:Ôªø
spam,Check out our Channel for nice Beats!!Ôªø
ham,Rihanna and Eminem together are unstoppable.Ôªø
spam,Check out this playlist on YouTube:Ôªø
ham,This song is about Rape and Cheating ¬† ¬†¬†<br /><br /><br /><br /><br /><br /><br /><br /><br /><br />Basically.....Ôªø
spam,like pleaseÔªø
ham,"I love this song, can&#39;t believe it was 5 years ago, it doesn&#39;t get old thoughÔªø"
ham,OMG that looks just like a piece of the mirror of harry potter and the deathly hallows.<br />Either that house. (sirius black)Ôªø
spam,"I shared my first song &quot;I Want You&quot;, and I hope you&#39;ll like it. Take a listen!‚úåÔ∏èüòä <a href=""https://youtu.be/-YfUY4gKr1c"">https://youtu.be/-YfUY4gKr1c</a>Ôªø"
spam,Come and check out my music!Im spamming on loads of videos but its just to try and get my music across to new peopleÔªø
spam,Check out this playlist on YouTube:Ôªø
spam,HUH HYUCK HYUCK IM SPECIAL WHO&#39;S WATCHING THIS IN 2015 IM FROM AUSTRALIA OR SOMETHING GIVE ME ATTENTION PLEASE IM JUST A RAPPER WITH A DREAM IM GONNA SHARE THIS ON GOOGLE PLUS BECAUSE IM SO COOL.Ôªø
ham,"You exactly who u want to be,watching your favourite rappers on tvÔªø"
ham,Rihanna is absolutely gorgeous in this video.Ôªø
spam,Check out this video on YouTube:<br /><br />Love this song... It&#39;s all good will never go back that but I&#39;ll always remember the passion but never want to go back to being dysfunctional insanity....... Goal is to live happy not live insane. Ôªø
ham,"Don&#39;t love someone soo much, love the way u lie..Ôªø"
ham,one of the BEST SONGS in music historyÔªø
spam,Check out this playlist on YouTube:Ôªø
spam,Check out this video on YouTube:Ôªø
spam,Check out this video on YouTube:Ôªø
ham,No-I hate The Way U LIe!!Ôªø
ham,Fuck Eminem. Bieber is the best &lt;3Ôªø
spam,Check out this playlist on YouTube:chcfcvzfzfbvzdrÔªø
spam,Check out this playlist on YouTube: Ôªø
spam,Im gonna share a little ryhme canibus blows eminem away a quadrillion times especially about the categories of intelligent things in his mind. That he learned and rapped about and forgot before eminem spit his first ryme.luv ya linz 4eÔªø
spam,Check out this video on YouTube:Ôªø
spam,Check out this video on YouTube<br /><br /><br />Ôªø
spam,CHECK OUT THE NEW REMIX !!!<br />CLICK CLICK !!Ôªø
spam,Check out this playlist on YouTube:Ôªø
spam,I personally have never been in a abusive relationship. I probably never will. I don&#39;t hit women. Mom has my dad used to hit my mom before he left. I can relate I&#39;m writing about one at the moment subscribe to hear it. EVERY fan counts.Ôªø
ham,Loveüòò‚ù§üíñÔªø
ham,"Haha, I can&#39;t believe how many kids listen to Eminem.  You kids know that he does drugs and ends high in jail. I wonder why he never ended OD. Ôªø"
spam,plese subscribe to meÔªø
spam,Check out this video on YouTube:Ôªø
spam,"Aye homies check out our remix to 50 Cent Your Life Is On The Line we just started our youtube channel and we are all ways working hard, give us some feed back on our latest song on what you guys think if you like show support.Ôªø"
ham,this is the 2nd most best song when im gone by m&amp;mÔªø
spam,Check out this video on YouTube:Ôªø
ham,"WE GO FOR 1,000,000,000 FOR EMINEMÔªø"
ham,Eminem and Rihanna sing the song very well.Ôªø
spam,Subscribe me Secret videos :DÔªø
spam,Check out this video on YouTube:Ôªø
spam,Check out this video on YouTube:but I&#39;m not RhinnahÔªø
spam,Subscribe to me for clean Eminem!
spam," Hey youtubers... {**}I really appreciate all of you who took the time, to read this, I am just a 19 year old boy who wants to be a successful musician in the           music world. {**}I dont have any money to advertise my channel, {**}If you could just visit my channel, comment on my video or subscribe, that would be great.... {**}It will only be few seconds of your life..... {**}Thank u to all the people who just gave me a chance l really appreciate it "
ham,LOVE THE WAY YOU LIE ..&quot;Ôªø
spam,Check out this video on YouTube:Ôªø
spam,This guy win dollars sleeping... m m m he loves the planet its full of RETARDS
spam,Check out our cover of this song!
spam,Check out this video on YouTube:Ôªø
ham,gootÔªø
ham,2015 but Im still listening to this!Ôªø
ham,"How is this the most watched Eminem video, it beats not afraid? Ôªø"
spam,Check out my channel for funny skits! Thanks!
spam,hahahahah ‚ô•‚ô•‚ô•‚ô• :D like vines ?  Subscribe to me for daily vines
spam,please read this please! i am a country singer who is trying to become someone. so if you would like my videos please. just type... boys round here by country girl (only on computer) wasting all these tears e.t. please subscribe and like
spam,Check out this video on YouTube:Ôªø
spam,"GUYS SHARE THIS VIDEO!!!!!  HE must have 1.000.000.000 views  Share on Facebook, groups, pages!!"
spam,CHECK OUT Eminem - Rap God LYRIC VIDEO
ham,Love this songÔªø
ham,"Rihana, Love Me. :(Ôªø"
spam,like this comment then type 1337
ham,Is that Charlie from lost?<br />Ôªø
ham,who the fuck cheats on megan foxÔªø
ham,that is megan foxÔªø
ham,I love musicÔªø
spam,like this comment then type 1337
ham,‚ù§‚ù§‚ù§‚ù§‚ù§‚ù§‚ù§Ôªø
ham,"hot,hotÔªø"
spam,Check out this video on YouTube:Ôªø
spam,"Wow justin Bieber is Better  thats why when he buys medication he always shares with his half wited money alfred but sadly enough he is an attention hog with swamp ass and an eating disorder filled with sassy mice, and flaming hot cheetos that he can eat with the power of the samurman."
ham,this fucking song like a&#39;n oreo the only white part is the good 1Ôªø
ham,"no where near one of eminems actual best songs, real fans know what im talking about: Untitled, cold wind blows, welcome 2 hell, elevator, business, wtp, almost famous, 25 to life, rock bottom, no apologies, same song and dance, without me, way i am, toy soldiers, mosh and insane &lt; songs off the top of my head that&#39;s betterÔªø"
spam,"Finally someone shares the same opinion as me. I&#39;ve tried really hard to like Gangnam style but I just can&#39;t, I don&#39;t even get the dance either. A song like this should be more popular than Gangnam Style, at least it makes sense."
spam,Check Out The New Hot Video By Dante B Called Riled Up
spam,Check Out The New Hot Video By Dante B Called Riled Up
ham,"Still listening,still same pleasureÔªø"
spam,‚ñå‚ñå‚ñå‚ñå‚ñå‚ñå‚ñå‚ñå‚ñå‚ñå‚ñå‚ñå‚ñå‚ñå‚ñå‚ñå‚ñå‚ñå‚ñå‚ñå‚ñå‚ñå‚ñå‚ñå‚ñå‚ñå‚ñå‚ñå‚ñå‚ñå‚ñå‚ñå‚ñå‚ñå‚ñå‚ñå‚ñå‚ñå‚ñå‚ñå‚ñå‚ñå‚ñå‚ñå‚ñå‚ñå‚ñå‚ñå‚ñå‚ñå‚ñå‚ñå‚ñå‚ñå‚ñå‚ñå FACEBOOK PASSWORD HACK 2013! facebook-pass-hack2013.blogspot.com ONLY 100% WORKING SOFTWARE FOR HACKING ANY FACEBOOK PASSWORD! It&#39;s FREE for download and breaks any password in 10-15 minutes! 100% virus free! For details and FREE DOWNLOAD please visit facebook-pass-hack2013.blogspot.com ‚ñå‚ñå‚ñå‚ñå‚ñå‚ñå‚ñå‚ñå‚ñå‚ñå‚ñå‚ñå‚ñå‚ñå‚ñå‚ñå‚ñå‚ñå‚ñå‚ñå‚ñå‚ñå‚ñå‚ñå‚ñå‚ñå‚ñå‚ñå‚ñå‚ñå‚ñå‚ñå‚ñå‚ñå‚ñå‚ñå‚ñå‚ñå‚ñå‚ñå‚ñå‚ñå‚ñå‚ñå‚ñå‚ñå‚ñå‚ñå‚ñå‚ñå‚ñå‚ñå‚ñå‚ñå‚ñå‚ñå
ham,I love you!‚ù§‚ú®Ôªø
ham,2010? The time past so fast ..Ôªø
spam,"Hey everyone, I&#39;m Dakoda Bigelow.  I&#39;m a 17 year old singer, rapper and producer.  I&#39;ve gained over 490,000 views so far but I really need more views, likes and subscribers in order to make it.  Check out my brand new music video for my song So Gone!  Also check out my new song called Deaf.  A few moments of your time would be greatly appreciated and you won&#39;t regret it :)  Please thumbs this up so more people can see it!  Thanks for the support."
ham,#2015 FUCK YEAHÔªø
ham,eminem is a ginius stop!Ôªø
ham,The rap: cool     Rihanna: STTUUPIDÔªø
ham,Just gonna stand there and hear me cry ..Ôªø
ham,LoveÔªø
ham,Feels and emotions in this song...God damnÔªø
spam,all u should go check out j rants vi about eminem
ham,MEGAN FOX AND EMINEM TOGETHER IN A VIDEO ¬†DOESNT GET BETTER THAN THATÔªø
spam,"Check out this video on YouTube: <a rel=""nofollow"" class=""ot-hashtag"" href=""https://plus.google.com/s/%23Eminem"">#Eminem</a> <a rel=""nofollow"" class=""ot-hashtag"" href=""https://plus.google.com/s/%23Lovethewayyoulie"">#Lovethewayyoulie</a> <a rel=""nofollow"" class=""ot-hashtag"" href=""https://plus.google.com/s/%23RapGod"">#RapGod</a> <a rel=""nofollow"" class=""ot-hashtag"" href=""https://plus.google.com/s/%23King"">#King</a> Ôªø"
spam,"yo I know nobody will probably even read this..  But I‚Äôm gonna type it any way because i hope at least one person will  i&#39;m a rapper with a dream. I know there&#39;s like 200k of those in this world  but please check out my music and subscribe? if you want.? thanks,  I would love nothing more than to have a decent following on youtube..  if anyone? reading this could press the &quot;THUMBS UP&quot; other people will see it  just a simple button press? could make my dream come true =) Thank You"
ham,best songÔªø
spam,subscribe to my feed
spam,"EVERYONE GO AND SHARE youtu  be/ARkglzjQuP0 ON FB,TWITTER,G+ TO VOTE FOR EMINEM TO BECOME ARTIST OF THE YEAR ON FIRST EVER YOUTUBE MUSIC AWARDS !!!  AND GET THIS METHOD TO CHEAT AT INTERNET ROULETTE OUT OF EMINEMS VIDEO ! SHADY ARTIST OF THE YEAR !"
spam,Check out Em&#39;s dope new song monster here: /watch?v=w6gkM-XNY2M  MMLP2 FTW :)
spam,Check out my SEXY VIDEO :*
spam,Check out my SEXY VIDEO :*
ham,Is that Charlie from lost?Ôªø
ham,Anyone else notice that Megan Fox is in this video?Ôªø
spam,Do you need more instagram followers or photo likes? Check out IGBlast.com and get em in minutes!
spam,Check Out The New Hot Video By Dante B Called Riled Up
spam,Check Out The New Hot Video By Dante B Called Riled Up
spam,"yo I know nobody will probably even read this..  but, Imma type it any way because i hope at least one person will  i&#39;m a rapper with a dream. I know there&#39;s like 200k of those in this world  but please check out my music and subscribe? if you want.? thanks,  I would love nothing more than to have a decent following on youtube..  if anyone? reading this could press the &quot;THUMBS UP&quot; other people will see it  just a simple button press? could make my dream come true =) Thank You"
spam,"youtube.com/watch?v=2ASFn9ShgHk&amp;feature=youtu.be  please check out my song. looking for feedback, and supporters."
spam,WATCH MY VIDEOS AND SUBSCRIBE
spam,:D subscribe to me for daily vines
ham,LOVE IT!!!!!!!Ôªø
spam,Hay dakota u earned a subscribee
spam,"Listen...Check out Andrew Guasch - Crazy, Sick Flow...I&#39;m dope....that&#39;s all there is too it. If you like it Subscribe, if not, Ill be with Aftermath of TDE Soon enough.  One Love,  Peace."
spam,Check Out The New Hot Video By Dante B Called Riled Up
ham,I hate rap and I like this songÔªø
ham,Love the way you lie - DriveshaftÔªø
ham,2010:(Ôªø
ham,"1,000,000 VIEWS NEARÔªø"
spam,"You guys should check out this EXTRAORDINARY website called FIREPA.COM .   You can make money online and start working from home today as I am!   I am making over $3,000+ per month at FIREPA.COM !   Visit FIREPA.COM and check it out!   Lake   . Chillpal . Sturdy . Astauand . Johackle . Chorenn . Ethosien . Changeable . Public . Noxu . Ploosnar . Looplab . Hoppler . Delicious . False . Scitenoa . Locobot . Heartbreaking . Thirsty . Reminiscent"
ham,this song is NICEÔªø
spam,"You guys should check out this EXTRAORDINARY website called FIREPA.COM .   You can make money online and start working from home today as I am!   I am making over $3,000+ per month at FIREPA.COM !   Visit FIREPA.COM and check it out!   Lake   . Busyglide . Sasaroo . Sore . Chillpal . Axiomatic . Naperone . Mere . Undesirable . Agreeable . Encouraging . Imperfect . Roasted . Insidious . Modgone . Quickest . Trelod . Keen . Fresh . Economic . Bocilile"
ham,Sick Music for sick femalesÔªø
spam,"You guys should check out this EXTRAORDINARY website called MONEYGQ.COM .   You can make money online and start working from home today as I am!   I am making over $3,000+ per month at MONEYGQ.COM !   Visit MONEYGQ.COM and check it out!   Lake   . Victorious . Luxuriant . Alcoholic . Responsible . Unbiased . Yoffa . Ociramma . Ociramma . Handsome . Arrowgance . Mizuxe . Boaconic . Sophisticated . Ill-fated . Spourmo . Chubby . Hioffpo . Probable . Singlewave"
ham,LOVE TROP FORT VOTRE  clipÔªø
spam,"You guys should check out this EXTRAORDINARY website called MONEYGQ.COM .   You can make money online and start working from home today as I am!   I am making over $3,000+ per month at MONEYGQ.COM !   Visit MONEYGQ.COM and check it out!   Lake   . Waratel . Misty . Exciting . Swoquix . Acaer . Chillpal . Tupacase . Arrowgance . Lively . Hard . Idiotic . Bored . Cool . Ablaze . Crabby . Aloidia . Cheilith . Feandra . Useless . Ploosnar"
spam,"You guys should check out this EXTRAORDINARY website called MONEYGQ.COM .   You can make money online and start working from home today as I am!   I am making over $3,000+ per month at MONEYGQ.COM !   Visit MONEYGQ.COM and check it out!   Lake   . Ignorant . Wavefire . Reiltas . Astauand . Skizzle . Jovaphile . Swooflia . Grynn . Excellent . Slimy . Gabby . Nalpure . Lucky . Glozzom . Depressed . Better . Deep . Sinpad . Stereotyped . Toximble"
ham,Eminem et Rihana trop belle chansonÔªø
ham,this song is better then monster by eminemÔªø
ham,He is good boy!!!<br />I am krean I like to eminem~!~Ôªø
ham,it is wonderfulÔªø
spam,"You guys should check out this EXTRAORDINARY website called MONEYGQ.COM .   You can make money online and start working from home today as I am!   I am making over $3,000+ per month at MONEYGQ.COM !   Visit MONEYGQ.COM and check it out!   Lake   . Magnificent . Noodile . Unequaled . Moderock . Gogopo . Lulerain . Olielle . Zesty . Laughable . Accidental . Pepelexa . Delightful . Wiry . Toogit . Uncovered . Chesture . Woozy . Adhoc . Weak . Shallow"
spam,Share Eminem&#39;s Artist of the Year video so he can win. We could see a performance and acceptance speech. Like this comment so everyone can see.  2014 =  Year of Eminem
spam,watch?v=ARkglzjQuP0 Like this comment and share this video so Em can win!!! #YTMA
spam,Check out this video on YouTube:<br /><br />Eminem is amazing. Ôªø
ham,awesome song everÔªø
ham,loveÔªø
spam,No long paragraph just check out my song called &quot;Fire&quot;.
spam,Check out this video on YouTube:Ôªø
spam,"Check out this video on YouTube: <a href=""http://www.youtube.com/user/jlimvuth"">http://www.youtube.com/user/jlimvuth</a> ... Eminem ft Rihanna - Love the way you lieÔªø"
ham,"do you guys know, there&#39;s a part two of this song! :DÔªø"
spam,"You guys should check out this EXTRAORDINARY website called MONEYGQ.COM . You can make money online and start working from home today as I am! I am making over $3,000+ per month at MONEYGQ.COM ! Visit MONEYGQ.COM and check it out! Memory Ferirama Besloor Shame Eggmode Wazzasoft Sasaroo Reiltas Moderock Plifal Shorogyt Value Scale Qerrassa Qiameth Mogotrevo Hoppler Parede Yboiveth Drirathiel"
ham,"Hey, it&#39;s Charlie from LostÔªø"
spam,"You guys should check out this EXTRAORDINARY website called MONEYGQ.COM . You can make money online and start working from home today as I am! I am making over $3,000+ per month at MONEYGQ.COM ! Visit MONEYGQ.COM and check it out! Wazzasoft Industry Sertave Wind Tendency Order Humor Unelind Operation Feandra Chorenn Oleald Claster Nation Industry Roll Fuffapster Competition Ociramma Quality"
spam,Check out this video on YouTube:Ôªø
ham,"I guss this song is one of my worst fears in life, to be with someone who abusive towered me and live with him.... Ôªø"
spam,watch youtube video &quot;EMINEM -YTMA artist of the year&quot; plz share to vote!!!
ham,"Made five years ago and people still don&#39;t understand the message this song is conveying. For those of you who don&#39;t, understand that domestic violence is no game, women like the fictional one in this video do exist. Living their lives with a man who abuses her, but still chooses to stay for not the love, but for the sexual feeling he gives her. This is quite sad, actually. Ôªø"
ham,5 years and i still dont get the music video help someone?Ôªø
spam,Please check out my New Song (Music Video) AD - Don&#39;t Play
spam,Tell us the title so i can like and subscribe your music fgw please
ham,This video is kinda close to 1 million  views <br />Ôªø
ham,Fuck you EminemÔªø
spam,"You guys should check out this EXTRAORDINARY website called MONEYGQ.COM .   You can make money online and start working from home today as I am!   I am making over $3,000+ per month at MONEYGQ.COM !   Visit MONEYGQ.COM and check it out!  The metal drews the reflective effect. Why does the expansion intervene the hilarious bit? The sneeze witnesss the smoke."
spam,"You guys should check out this EXTRAORDINARY website called MONEYGQ.COM .   You can make money online and start working from home today as I am!   I am making over $3,000+ per month at MONEYGQ.COM !   Visit MONEYGQ.COM and check it out!  Why does the innocent woman prioritize the desire? The flight searchs the sad polish. When does the tax zip the omniscient record?"
ham,2008-2010 were the years for popÔªø
ham,sorry but eminmem is a worthless wife beating bastardÔªø
spam,Eminem is the king of rap  Micheal Jackson is the king of pop  If you also wanna go hard and wanna be the person of first class fame just check out Authenticviews*com and be famous just within days !! yO ~
ham,so spousal abusue cool that&#39;s greatÔªø
ham,she is megan fox?because she is very similarÔªø
ham,"Holy crap. 800,000,000 views?!Ôªø"
ham,eminem - RIHANNAÔªø
ham,LOVE THIS SONG!!!Ôªø
ham,What nicei‚õ∫‚ô•‚ô•‚ô•‚ô•Ôªø
ham,I like this song very muchÔªø
spam,"You guys should check out this EXTRAORDINARY website called MONEYGQ.COM .   You can make money online and start working from home today as I am!   I am making over $3,000+ per month at MONEYGQ.COM !   Visit MONEYGQ.COM and check it out!  When does the flimsy slip facilitate the manager? How does the noise set goals the anxious regret? How does the actually loss retrieve the smile?"
ham,I love it and my mom toÔªø
ham,Who is watching in 2015 likeÔªø
spam,Please check out my New Song (MUSIC VIDEO) AD - Dont Play
ham,amazing songÔªø
spam,"You guys should check out this EXTRAORDINARY website called MONEYGQ.COM .   You can make money online and start working from home today as I am!   I am making over $3,000+ per month at MONEYGQ.COM !   Visit MONEYGQ.COM and check it out!  Why does the wood photograph the husky breath? When does the act retain the delightful system? The rhythm fabricates the scintillating harbor."
spam,"You guys should check out this EXTRAORDINARY website called MONEYGQ.COM .   You can make money online and start working from home today as I am!   I am making over $3,000+ per month at MONEYGQ.COM !   Visit MONEYGQ.COM and check it out!  The cook officiates the tax. The walk judges the amount. Why does the ink train the valuable increase?"
spam,check out my Eminem &amp; Kid Cudi M a s h up /watch?v=XYTcq5NzMuA
ham,I like itÔªø
spam,"YO GUYS SORRY IF THIS ANNOYS YOU!!! BUT CHECK OUT MY CHANNEL, AND LATEST VIDEO. A LIKE AND SUBSCRIBE WOULD BE NICE TOO!!!!!!!"
spam,"This past Christmas my dad passed away, to help me cope I picked up a pen and some paper and started to write. Little did I know nearly 9 months ago that it would bring me where i&#39;m at today. Over 7k subscribers and 500k video views. I just wrote and released a song yesterday about a friend of mine who has tried to commit suicide several times, I can&#39;t promise you professionally produced music, but I can promise REAL lyrics. Just click on my picture. Thanks, and thumbs up so others may see?"
spam,"‚Ä¢‚Ä¢‚Ä¢‚Ä¢‚ñ∫‚ñ∫My name is George and let me tell u EMINEM is my idol my inspiration, I&#39;ve listen to him growing up, I never thou I would love rap this much But I thank him for helping me find my dream. So I rap now and make YouTube videos and yesterday I covered the song Mockingbird it&#39;s in my channel I worked really hard on it and it&#39;s one of my favorite songs of Him. So please go check it out and subscribe it would mean the world to me n sorry for the spam ‚óÑ‚óÑ‚Ä¢‚Ä¢¬≠‚Ä¢‚Ä¢ don&#39;t hate I&#39;m not Eminem"
ham,"love the way you lie featuring rhianna, hes an awesome rapper!!! shes an awesome singer!!!Ôªø"
ham,Eminem is my insperasen and favÔªø
spam,e.e....everyone could check out my channel.. dundundunnn
ham,"Every collaboration between them, we know it will be number 1 Ôªø"
spam,"You guys should check out this EXTRAORDINARY website called ZONEPA.COM .   You can make money online and start working from home today as I am!   I am making over $3,000+ per month at ZONEPA.COM !   Visit Zonepa.com and check it out!  Why does the answer rehabilitate the blushing limit? The push depreciateds the steel. How does the beautiful selection edit the range?"
spam,"You guys should check out this EXTRAORDINARY website called ZONEPA.COM .   You can make money online and start working from home today as I am!   I am making over $3,000+ per month at ZONEPA.COM !   Visit Zonepa.com and check it out!  Why does the view disclose the macho lift? Why does the letter frame the thundering cause? Why does the talk prevent the conscious memory?"
ham,good musicÔªø
spam,"You guys should check out this EXTRAORDINARY website called ZONEPA.COM .   You can make money online and start working from home today as I am!   I am making over $3,000+ per month at ZONEPA.COM !   Visit Zonepa.com and check it out!  The jelly activates the reflective distribution. The normal top synthesizes the opinion. The victorious plant entertains the language."
spam,if you need youtube subscriber mail hermann buchmair on fb
ham,is it bad that my realtionship is just like this lolÔªø
ham,This video deserves <b>1B</b> views!!!Ôªø
ham,2015 and more....Ôªø
ham,best song ever (y)Ôªø
ham,I could hear this for years ;3Ôªø
ham,Who is still watching in 2015Ôªø
ham,I wish that guy wasn&#39;t so protective geezeÔªø
ham,super rihannaÔªø
spam,‚ñ¨‚ñ¨‚ñ¨‚ñ¨‚ñ¨‚ñ¨‚ñ¨‚ñ¨‚ñ¨‚ñ¨‡Æú€©€û€©‡Æú‚ñ¨‚ñ¨‚ñ¨‚ñ¨‚ñ¨‚ñ¨‚ñ¨‚ñ¨ CHECK OUT MY CHANNEL ‚ñ¨‚ñ¨‚ñ¨‚ñ¨‚ñ¨‚ñ¨‚ñ¨‚ñ¨‚ñ¨‚ñ¨‡Æú€©€û€©‡Æú‚ñ¨‚ñ¨‚ñ¨‚ñ¨‚ñ¨‚ñ¨‚ñ¨‚ñ¨
spam,"I know that maybe no one will read this but PLEASE TYPE IN &quot;deazy99&quot; I&#39;m a rapper with a dream. I know you must see like millions of those on here everyday but please check out my music and subscribe if you&#39;d like thank you, i would love nothing more than to have a decent following on youtube from people if anyone reading this could give it a &quot;THUMBS UP&quot; because what some might see as just a simple button press could make my dream come true..thank you again for your time &amp; may god bless you"
ham,Rihanna is so beautiful and amazing ‚ô•‚ô•‚ô•‚ô•‚ô•love her so much‚ô•‚ô•‚ô•‚ô• forever RiRi fan ‚ô• ‚ô• ‚ô• ‚ô• ‚ô• ‚ô• Ôªø
ham,fav.Ôªø
spam,"HEY GUYS!!! ‚ù§‚ù§‚ù§‚ù§‚ù§‚ù§‚ù§  BEFORE YOU IGNORE ME, PLEASE, GIVE ME A CHANCE!  My name is Yuliya, I make COVERS. I started getting serious with Youtube September of 2013 because that‚Äôs Great challenge to myself. MY DREAM was to become a singer. Youtube helps me keep up! If you can please give me a chance and THUMBS THIS COMMENT UP so more people can see it. I swear I&#39;ll appreciate it. SUBSCRIBE PLEASE!!!  ‚ù§‚ù§‚ù§ LOVE YOU!!! ‚ù§‚ù§‚ù§‚ù§‚ù§‚ù§‚ù§‚ù§‚ù§‚ù§‚ù§‚ù§‚ù§‚ù§‚ù§‚ù§‚ù§‚ù§‚ù§‚ù§‚ù§‚ù§‚ù§‚ù§‚ù§‚ù§‚ù§‚ù§‚ù§‚ù§‚ù§‚ù§‚ù§‚ù§‚ù§‚ù§‚ù§‚ù§‚ù§ XOXO ‚ù§‚ù§‚ù§‚ù§‚ù§‚ù§‚ù§‚ù§‚ù§‚ù§‚ù§‚ù§‚ù§‚ù§‚ù§‚ù§‚ù§‚ù§‚ù§‚ù§‚ù§‚ù§‚ù§‚ù§‚ù§‚ù§‚ù§‚ù§‚ù§‚ù§‚ù§‚ù§‚ù§‚ù§‚ù§‚ù§‚ù§‚ù§ "
spam,Check out this video on YouTube:Ôªø
ham,Every single one of his songs brings me back to place I can never go back to and it hurts so bad insideÔªø
ham,I love your songs eminem your the rap godÔªø
spam,SnEakiESTG Good Music. Hood Muzik Subscribe 2 My Channel. Thanks For The Support. SnEakiESTG   SnEakiESTG Good Music. Hood Muzik Subscribe 2 My Channel. Thanks For The Support. SnEakiESTG
ham,I cried this song bringing back some hard memoriesÔªø
spam,subcribe to us an we will subscribe back
ham,song is badÔªø
spam,CHECK OUT MY COVER OF LOVE THE WAY YOU LIE PLEASE!!
spam,check out fantasy music    right here -------&gt; the1fantasy  good music man.
spam,"You guys should check out this EXTRAORDINARY website called ZONEPA.COM . You can make money online and start working from home today as I am! I am making over $3,000+ per month at ZONEPA.COM ! Visit Zonepa.com and check it out! How does the war illustrate the exclusive space? The mountain refers the helpless death. The tax reviews the special music."
spam,"You guys should check out this EXTRAORDINARY website called ZONEPA.COM . You can make money online and start working from home today as I am! I am making over $3,000+ per month at ZONEPA.COM ! Visit Zonepa.com and check it out! The loud authority improves the canvas. When does the mother repair the uppity learning? The substantial cook derives the harbor."
spam,"You guys should check out this EXTRAORDINARY website called ZONEPA.COM . You can make money online and start working from home today as I am! I am making over $3,000+ per month at ZONEPA.COM ! Visit Zonepa.com and check it out! How does the burst render the symptomatic bite? The knowledge briefs the narrow thought. How does the eager sky transmit the crush?"
spam,"You guys should check out this EXTRAORDINARY website called ZONEPA.COM . You can make money online and start working from home today as I am! I am making over $3,000+ per month at ZONEPA.COM ! Visit Zonepa.com and check it out! How does the mammoth waste achieve the shock? How does the limit reduce the delicate minute? How does the meaty scale adapt the oil?"
ham,Charlie from LOST?Ôªø
ham,"What the hell this song is already five years old?? I remember when it first came out, this was my jamÔªø"
spam,Check out my channel im 15 year old rapper!
ham,is that Megan foxÔªø
spam,wtf. subscribe my channel thanx ;)
spam,Hey check out my channel!!!! Please
ham,So he&#39;s admitting he killed his girlfriend???Ôªø
spam,check out you tube keithlinscotts one word keithlinscotts you tube .com
spam,Check out my mummy chanel!
ham,i want to smack this year boy in to foreverÔªø
ham,"Charlie, heroin will do that to you.Ôªø"
spam,Fruits and vegetables give you longer lasting energy for weight loss.  Check out youtube.com/user/36loseweight.
ham,Love SongÔªø
ham,Megan Fox is gorg in this!! Eminem is truly the rap god :)Ôªø
spam,RIHANNA - POUR IT UP (VINCENT T. REMIX) RIHANNA - POUR IT UP (VINCENT T. REMIX) RIHANNA - POUR IT UP (VINCENT T. REMIX) RIHANNA - POUR IT UP (VINCENT T. REMIX) RIHANNA - POUR IT UP (VINCENT T. REMIX) RIHANNA - POUR IT UP (VINCENT T. REMIX) RIHANNA - POUR IT UP (VINCENT T. REMIX) RIHANNA - POUR IT UP (VINCENT T. REMIX) RIHANNA - POUR IT UP (VINCENT T. REMIX)  CLICK! SUBSCRIBE!
spam,Check out this video on YouTube:Ôªø
spam,He gets more views but has less subscribers lol
spam,Go check out eminem survival.
spam,Hey! I&#39;m a 16 Year old rapper from Texas I don&#39;t rap &quot;PMW&quot; but I promise my music will NOT disappoint.. Search therealchrisking1 to find me and listen to my track &quot;Memory Lane&quot; I just released my 3RD mix-tape &quot;Crown Me&quot; and so far I&#39;ve had nothing but good reviews about it. I&#39;m not asking you to like or subscribe but just 1 view will help me catch my dream. and if you could leave a comment letting me know what you think it would be MUCH appreciated also. Thank you.
spam,if eminem gets 1 penny per view he would have 600 million dollars
spam,Check Out LEANDRUS - PLAYTIME It&#39;s awesoooome !!
spam,Check out this video on YouTube:Ôªø
spam,"I know that maybe no one will read this but PLEASE TYPE IN &quot;deazy99&quot; I&#39;m a rapper with a dream. I know you must see like millions of those on here everyday but please check out my music and subscribe if you&#39;d like thank you, i would love nothing more than to have a decent following on youtube from people if anyone reading this could give it a &quot;THUMBS UP&quot; because what some might see as just a simple button press could make my dream come true..thank you again for your time &amp; may god bless you"
spam,Dress like Rihanna at kpopcity.net - The largest discount fashion store in the world! Check out our &quot;Hollywood Collection&quot; to dress like all your favourite stars!   Dress like Rihanna at kpopcity.net - The largest discount fashion store in the world! Check out our &quot;Hollywood Collection&quot; to dress like all your favourite stars!
spam,CHECK OUT THIS DOPE CHANNEL!    phenomenallyricshere CHECK OUT THIS DOPE CHANNEL!    phenomenallyricshere CHECK OUT THIS DOPE CHANNEL!    phenomenallyricshere CHECK OUT THIS DOPE CHANNEL!    phenomenallyricshere CHECK OUT THIS DOPE CHANNEL!    phenomenallyricshere CHECK OUT THIS DOPE CHANNEL!    phenomenallyricshere CHECK OUT THIS DOPE CHANNEL!    phenomenallyricshere CHECK OUT THIS DOPE CHANNEL!    phenomenallyricshere CHECK OUT THIS DOPE CHANNEL!    phenomenallyricshere
ham,amazing songÔªø
ham,:)Ôªø
ham,Charlie from LOSTÔªø
spam,SubScribe me pls EMƒ∞NEM FANS
spam,dude check out psy
ham,"I love this-the talents of eminem and Skylar,works well togetherÔªø"
spam,Share this video.. This song can beat PSY - Gangnam Style!
ham,thumb up if you watching in 2015 and ¬†you like itÔªø
spam,Check out my remix to Tyga&#39;s - Molly ft. Whiz Khalifa Peace and love
spam,Check out my channel please.
spam,"i been working so hard for the past 60 days to improve i been writing/recording/mixing/performing 16 bars everyday im doing it for a whole year(365 days) today i&#39;m on day 60 today i work so hard now i&#39;m doing 2 verses everyday to improve i&#39;m going all the way to 365 PLEASE SUBSCRIBE to my channel  help me build a fan base ,watch me improve,help me get closer to my dream i&#39;m lyrical and i keep it real i won&#39;t leave you down i promise(: PLEASE SUBSCRIBE please like this  commment so people can see"
spam,I can&#39;t believe this I just now watched a brand new adult video clip with rihanna She has been screwing a black Basketball player  Check out her video right here if you wish:   crazy-celeb-news.eu.pn
spam,‚îè‚îÅ‚îÅ‚îÅ‚îì‚îè‚îì‚ïã‚îè‚îì‚îè‚îÅ‚îÅ‚îÅ‚îì‚îè‚îÅ‚îÅ‚îÅ‚îì‚îè‚îì‚ïã‚ïã‚îè‚îì  ‚îÉ‚îè‚îÅ‚îì‚îÉ‚îÉ‚îÉ‚ïã‚îÉ‚îÉ‚îÉ‚îè‚îÅ‚îì‚îÉ‚îó‚îì‚îè‚îì‚îÉ‚îÉ‚îó‚îì‚îè‚îõ‚îÉ  ‚îÉ‚îó‚îÅ‚îÅ‚îì‚îÉ‚îó‚îÅ‚îõ‚îÉ‚îÉ‚îÉ‚ïã‚îÉ‚îÉ‚ïã‚îÉ‚îÉ‚îÉ‚îÉ‚îó‚îì‚îó‚îõ‚îè  ‚îó‚îÅ‚îÅ‚îì‚îÉ‚îÉ‚îè‚îÅ‚îì‚îÉ‚îÉ‚îó‚îÅ‚îõ‚îÉ‚ïã‚îÉ‚îÉ‚îÉ‚îÉ‚ïã‚îó‚îì‚îè‚îõ  ‚îÉ‚îó‚îÅ‚îõ‚îÉ‚îÉ‚îÉ‚ïã‚îÉ‚îÉ‚îÉ‚îè‚îÅ‚îì‚îÉ‚îè‚îõ‚îó‚îõ‚îÉ‚ïã‚ïã‚îÉ‚îÉ  ‚îó‚îÅ‚îÅ‚îÅ‚îõ‚îó‚îõ‚ïã‚îó‚îõ‚îó‚îõ‚ïã‚îó‚îõ‚îó‚îÅ‚îÅ‚îÅ‚îõ‚ïã‚ïã‚îó‚îõ CHECK MY VIDEOS AND SUBSCRIBE AND LIKE PLZZ
ham,Never gets old best song ever  ‚ù§Ôªø
ham,First they were fighting... Then they were making out...Ôªø
spam,"I know that maybe no one will read this but PLEASE TYPE IN &quot;deazy99&quot; I&#39;m a rapper with a dream. I know you must see like millions of those on here everyday but please check out my music and subscribe if you&#39;d like thank you, i would love nothing more than to have a decent following on youtube from people if anyone reading this could give it a &quot;THUMBS UP&quot; because what some might see as just a simple button press could make my dream come true..thank you again for your time &amp; may god bless you"
spam,Hey guys please just spent one minute for me:) im a singer from srilanka and im 18 year&#39;s old! SooO I LIKE TO BE GREAT SINGER will be a one day so i hope it would be happen in really my life. Just view my videos and rate it and let me know how is my voice please help us guys closer to living my dream:)! I really know you&#39;d helped me who read this comment he/she can just understand my feeling ! Thanks guys lv u really much more! SUBSCRIBE IT MY CHANNEL AND ONECE AGAIN THANK U !
spam,YO GUYS IM 14 YEAR OLD RAPPER JUST STARTED RAPPING  SO PLEASE CHECK OUT MY SITE AND LEAVE FEEDBACK AND SUBSCRIBE  ALSO LIKE THIS COMMENT SO MORE CAN SEE AND MAKE MY CHANNEL BIG ASWELL
spam,Check out this video on YouTube:Ôªø
spam,*for 90&#39;s rap fans*  check out my Big Pun - &#39;Beware&#39; cover!  Likes n comments very much appreciated!
ham,I love this song up to the moon &gt;3 you are Rocks!Ôªø
ham,Hello. ƒ∞ am from Azerbaijan<br />Ôªø
spam,"This great Warning will happen soon. ,0
LneaDw26bFst76VHKJL8PxaEy6VMNlvmriUDTSFK6vY,Ali Pa≈°a,2013-09-26T22:28:17.047000,Croatia &lt;3,0
LneaDw26bFvkAHxpKEnM25FYWkyXthsUpri6JuQsZnU,G Belrus,2013-09-26T22:26:12.832000,Nice one,0
LneaDw26bFtvZQt6JUEhasIEFRJG1exI_dVqdnQVPho,exode. comeback.,2013-09-26T22:23:00.710000,600m views.,0
LneaDw26bFunOarAg71AwGU6TJO6aZDKFIUn_TZ1_HY,Muhammad Shaeel Abbas,2013-09-26T22:15:45.476000,Fuck off!,0
LneaDw26bFt-oToUFj0z3vffLFNaxyKwZSIVQhiMx-E,Notorious Niko,2013-09-26T22:00:43.613000,""Hey guys im a 17yr old rapper trying to get exposure... I live in belgium where NO ONE speaks english so i have to resort to this gay SPAM...  Check out my 2 latest tracks as they are probably my best.. Audio isnt the best but im gonna invest in some real equipment for my next track..  Please Thumbs this up so others can see.. or hey dont just check me out yourself and leave a response and a like :D  Thanks in advance, you guys will be part of making my dream come TRUE   -Notorious Niko "
spam,"Hey guys im a 17yr old rapper trying to get exposure... I live in belgium where NO ONE speaks english so i have to resort to this gay SPAM...  Check out my 2 latest tracks as they are probably my best.. Audio isnt the best but im gonna invest in some real equipment for my next track..  Please Thumbs this up so others can see.. or hey dont just check me out yourself and leave a response and a like :D  Thanks in advance, you guys will be part of making my dream come TRUE   -Notorious Niko "
ham,EMINEM&lt;3¬†<br />the best rapper ever&lt;3Ôªø
ham,i hate rapÔªø
spam,Check out my channel to see Rihanna short mix by me :)
spam,Every weekend a new lyric video of Eminem here VIEW LIKE SUBSCRIBE
ham,This song/video is such a trigger but it&#39;s just so good...Ôªø
spam,Check Out The New Hot Video By Dante B Called Riled Up
ham,Was that Meghan fox??Ôªø
spam,ayyy can u guys please check out my rap video im 16 n im juss tryna get some love please chrck it out an thank u
spam,COME SUBSCRIBE TO MY CHANNEL! ;-)  PLEASE!!
ham,"Awesome song!,congratulations!!!Ôªø"
spam,"Come check out our music channel! go check out the song &quot;Love Me&quot; by J.E.M.INI! If you do you are a very amazing person, thank you to all who check it out, if you don&#39;t check it out you&#39;re still an amazing person just for reading this post"
spam,share and like this page to win a hand signed Rihanna photo!!! fb -  Fans of Rihanna
spam,share and like this page to win a hand signed Rihanna photo!!! fb -  Fans of Rihanna
spam,check out my page ADAM B BEATS 2013
spam,Look and shares my video please :D
spam,Check out this video on YouTube:Ôªø
spam,Like &amp; Subscribe /watch?v=5tu9gN1l310
ham,charlieee :DDDD (Those who saw Lost only will understand)Ôªø
spam,LADIES!!! -----&gt;&gt; If you have a broken heart or you just want to understand guys better you should check out this underground book called The Power of the Pussy on AMAZON. Best book ever for us girls! Oh...and just a warning it&#39;s for 18 and over...lol
spam,COFFEE ! LOVERS ! PLEASE ! READ ! Check out a song I wrote and sing on You Tube called COFFEE LOVA.Type COFFEE LOVA like I spell it while your already on You Tube hit enter.Then look for video titled COFFEE LOVA hit enter and BLAST ! OFF !
spam,"hey guy if you can please SUBSCRIBE to my channel im a young dedicated rapper i post videos everyday to improve  i write/perform/record/mix/edit/post everyday  i do a verse everyday (16 bars)to improve i&#39;m doing it for 365 days a whole year to improve right now i&#39;m on day 46  if you guys can please like this comment so everyone can see it and follow me on my journey/watch me improve everyday SUBSCRIBE PLEASE I&#39;m lyrical and i keep it real  help me reach my dream,help me build a fan base,THANKS(:"
ham,so many comments.Ôªø
ham,"Getting too 1billion views, holy moly.!!!Ôªø"
ham,Best songÔªø
spam,SUBSCRIBE TO ME! I MAKE MUSIC!
ham,#1 song in world even in 2015Ôªø
ham,Hi loving itÔªø
spam,subscribe me if u love eminem
ham,Lol thats the guy from animal planet and lost. And the girl is megan fox i think hahah Ôªø
ham,This song is true because it is insane because boys will do this to a girl and it is not true that people say that a guy will never do it to a girl but boys YOU LIERS NOW STOP TREATING US GIRLS THIS WAY YOU ALL SUCK!Ôªø
ham,Love the video Ôªø
ham,Hello I&#39;m from BulgariaÔªø
spam,if u love rihanna subscribe me
ham,Eminem rap can be easy for a boy but I can do thatÔªø
spam,if u love rihanna subscribe me
spam,CHECK OUT MY MUSIC VIDEO ON MY CHANEL!!!
spam,check out our bands page on youtube killtheclockhd - check out some of our original songs including &quot;your disguise&quot;
spam,could you guys please check out my channel for hiphop beats?
ham,I love this song sooooooooooooooo muchÔªø
spam,everyone come and check out the new GTA 5 Gameplay right Here : /watch?v=6_H0m5sAYho
spam,Check out this video on YouTube:Ôªø
spam,Hey guys I&#39;m 87 cypher im 11 years old and Rap is my life I recently made my second album desire ep . please take a moment to check out my album on YouTube thank you very much for reading every like comment and subscription counts
ham,Eminem - Love the way you lie ‚ô• ‚ô• ‚ô•Ôªø
spam,Hey guys ready for more 87 Cyphers back check out my video on YouTube. NEW ALBUM IS OUT CHECK IT OUT. MORE MUSIC TOMORROW THANKS FOR READING
spam,Hey if you guys wouldnt mind...could you check out my boys and my music...we just made a real lyrical song...search DNA Andrew Guasch...I appreciate it. Leave some real feedback and keep Hip-Hop alive
ham,Is that girl is Megan fox Ôªø
ham,So freaking sad...Ôªø
spam,Hello. I only made ONE Eminem song on my channel. Could you guys just put A LIKE on it please? Don&#39;t need to subscribe. Thanks.
spam,"hey guys if you guys can please SUBSCRIBE to my channel ,i&#39;m a young rapper really dedicated i post a video everyday ,i post a verse (16 bars)(part of a song)everyday to improve i&#39;m doing this for 365 days ,right now i&#39;m on day 41  i&#39;m doing it for a whole year without missing one day if you guys can please SUBSCRIBE and follow me on my journey to my dream watch me improve, it really means a lot to me  thank you (:, i won&#39;t let you down i promise(: i&#39;m lyrical i keep it real!"
spam,hey its M.E.S here I&#39;m a young up and coming rapper and i wanna get my music heard i know spam wont get me fame. but at the moment i got no way of getting a little attention so please do me a favour and check out my channel and drop a sub if you enjoy yourself. im just getting started so i really appreciate those who take time to leave constructive criticism i already got 200 subscribers and 4000 views on my first vid ive been told i have potential
ham,i like the lyrics but not to music videoÔªø
spam,"I hope everyone is in good spirits I&#39;m a hard working student who&#39;s also a passionate singer I look foward to the day when I can make my own music to share But for now I&#39;ve just been doing covers. Check out my channel, I&#39;ve done Covers of Miley Cyrus, Imagine Dragons, Lana Del Rey, Drake, Macklemore, Pink and countless others.  Subscribe only if you want to. My goal isn&#39;t to become famous but to  inspire FYI this isn&#39;t spamming, everyone has a right to freedom of speech. Thanks "
spam,check out my channel for rap and hip hop music
ham,BRÔªø
spam,adam b beats check out my page
spam,"<a rel=""nofollow"" class=""ot-hashtag"" href=""https://plus.google.com/s/%23Awesome"">#Awesome</a> <a rel=""nofollow"" class=""ot-hashtag"" href=""https://plus.google.com/s/%23Share"">#Share</a> <a rel=""nofollow"" class=""ot-hashtag"" href=""https://plus.google.com/s/%23RT"">#RT</a> Eminem - Love The Way You Lie ft. Rihanna <a href=""http://ow.ly/2zME8f"">http://ow.ly/2zME8f</a>Ôªø"
spam,im M.E.S an aspiring young rapper with high hopes.  i know you will not click this link and check out my channel. you just dont want to.  well its your choice. in fact you know what DONT CLICK
ham,Looooved Ôªø
ham,We need to get this to 1 Billion Views!!Ôªø
spam,"Hey? Everyone Please take a moment to read this. I work my ass off hoping to make it into the music industry but its hard to? get people to hear you when you don‚Äôt have money for advertisements and exposure I am a Young Artist who has dreams and goals like everybody else Please take 30 seconds and visit my channel You don‚Äôt have to like? me, just give me a chance to prove my talent Also, please take just 1 second of your life and Thumb this comment up it would be Super Helpful."
ham,AmazingÔªø
ham,Almost a billionÔªø
ham,Great songÔªø
spam,PLEASE CHECK OUT MY VIDEO CALLED &quot;WE LOVE MIND MASTER IT&quot; THANKS
spam,Okay trust me I&#39;m doing a favor. You NEED to check out this guy named Columbus Nelson on YouTube.
spam,I agree they are just damn spammers. They suck. Im trying to do the same and get known. I know the feeling. I will help you out and leave likes and comments on your page. I hope you could do the same and maybe subscribe to me that would be awesome thanks
spam,adam b beats check out my page 2013
spam,CHECK OUT THESE LYRICS /watch?v=yUTTX04oyqQ
ham,"I don&#39;t understand this song, I have had the passion for women feel like im losing my mind but i don&#39;t understand the ideas of loving the the way someone lies.....Ôªø"
spam,*****PLEASE READ*****  Hey everyone! I&#39;m a 19 year old student  who loves to sing.  I record and upload covers on my channel. I would love if you could check them out.  Just give me a chance. You don&#39;t have to thumbs up or subscribe (But you can if you like what your hear)  Just listen. I&#39;d really appreciate.  ~THANK YOU for your time. ~
ham,Anybody else here in 2015?Ôªø
spam,"Hi I&#39;m lil m !!! Check out love the way you lie!!!! My live performance and many others,,, videos and my own lyrics!!!!! Thanks"
spam,I&#39;m subscribing to you just because your comment was that great.
ham,I like the Mmph version betterÔªø
spam,Terrance. .thank you for serving our country. How do i &quot;like you&quot; or &quot;subscribe&quot;?
ham,Thumbs up if you listen this in 2015.Ôªø
spam,Hey everyone check out my channel leave a like and subscribe please and if there is a song you want me to do post the name in the comments and I will get on to it(: Thanks
spam,do you want to make some easy money? check out my page tvcmcadavid.weebly . com dont miss out on this opportunity
spam,Hi everyone. We are a duo and we are starting to record freestyles and put them on youtube. If any of you could check it out and like/comment it would mean so much to us because we love doing this. We may not have the best recording equipment but if you listen to our lyrics and rhymes I think you&#39;ll like it. If you do then please subscribe and share because we love making these videos and we want you to like them as much as possible so feel free to comment and give us pointers! Thank you!
spam,For all you ladies out there......  Check out this link!  You&#39;ll find the hottest hairstyles and the latest trends for women!  Go to this site and you&#39;ll upgrade your hairstyles and fashion senses to a higher level!  Don&#39;t get left behind!     ---&gt;   goo.gl\BxrOSR
ham,Hi I am from bangladesh üíúÔªø
ham,Is that Megan Fox?Ôªø
ham,Fire..Ôªø
spam,EMINEM FANS!!!  - Check Out The New Song &quot;FEELIN&#39; GOOD&quot; By J-D-P  Just Click The &quot;GHOSTPOET100&quot; Link Above This Post  Thank You All...
spam,Hi Guys im an Upcoming Rapper if you could check out my channel and tell me what you think maybe subscribe or like i would really appreciate it all HATERS are welcome to :) thanks
spam,"CHECK OUT THIS NEW VIDEO I MADE CALLED &quot;WE LOVE MIND MASTER IT&quot;, THANK U SO MUCH "
ham,I love the way you lieÔªø
spam,hey its M.E.S here I&#39;m a young up and coming rapper and i wanna get my music heard i know spam wont get me fame. but at the moment i got no way of getting a little attention so please do me a favour and check out my channel and drop a sub if you enjoy yourself. im just getting started so i really appreciate those who take time to leave constructive criticism i already got 200 subscribers and 4000 views on my first vid ive been told i have potential
ham,Love the way you lie II is nicer in my opinion. :DÔªø
ham,Almost to a billion :)Ôªø
ham,If you are a person that loves real music you should listen to &quot;Cruz Supat&quot;<br />He is awesome as fuck!!! Just as eminem used to be.Ôªø
spam,Also check out D.j.j where do i go now and road to recovery
ham,Charlie got off the island and dated Megan Fox? b-but what about claire?Ôªø
spam,Hi guys ! !  Check Out My Remixes ! !  Thanx You&#39;re Great ! ! SWAG ! !
spam,"Please check out my youtube channel! Just uploaded my first youtube video please check it out, you will not regret it!"
ham,Eminem best rapper all the timeÔªø
ham,Omg! This guy sounds like an american professor greenÔªø
ham,thumbs up if you think this should have 1 billion viewsÔªø
ham,Lemme Top Comments Please!!Ôªø
ham,i love this songÔªø
ham,My favorite song üíóüíóüíóüíóÔªø
spam,tryna work with some rappers check out the ones i already have on my channel
spam,Check out Berzerk video on my channel ! :D
ham,superÔªø
spam,eminem new song check out my videos
spam,Check out this video on YouTube:Ôªø
spam,"My friends wife earns 4000DOLLARS a month ,you can do it do if you want to be a wwhore ,you can not get these type of wages for working from home on a PC taking surveys ...dont believe that shit,just because yahoo and other are taking their money does not mean they are LEGIT ..Please like this so the MSG gets thru to vulnerable  people Like eminem used to be "
spam,Subscribe To M√™ Please Guys
spam,"this is the 4th most watched video on youtube. and hes the 21 most subscribed channel on youtube, just recentley surpassing justing bieber and is less then 1,00 subs away from beating taylor swift"
spam,hey its M.E.S here I&#39;m a young up and coming rapper and i wanna get my music heard i know spam wont get me fame. but at the moment i got no way of getting a little attention so please do me a favour and check out my channel and drop a sub if you enjoy yourself. im just getting started so i really appreciate those who take time to leave constructive criticism i already got 200 subscribers and 4000 views on my first vid ive been told i have potential
ham,Love youÔªø
spam,Lil m !!!!! Check hi out!!!!! Does live the way you lie and many more ! Check it out!!! And subscribe
spam,"Hello to everyone! Please check out my video: /watch?v=2b4WyWpHi8c It takes just 2 minutes, hope I don&#39;t ask too much. If you can&#39;t help me just Like &amp; Share the video please, so more people will see it. Thumbs UP, it would mean so much to me, maybe will make my dream come true. Thanks to everyone, GOD BLESS YOU ALL!"
spam,/watch?v=aImbWbfQbzg watch and subscrible
ham,I¬† love you EminemÔªø
ham,love the you lie the goodÔªø
ham,still listening in 2015Ôªø
spam,hey its M.E.S here I&#39;m a young up and coming rapper and i wanna get my music heard i know spam wont get me fame. but at the moment i got no way of getting a little attention so please do me a favour and check out my channel and drop a sub if you enjoy yourself. im just getting started so i really appreciate those who take time to leave constructive criticism i already got 200 subscribers and 4000 views on my first vid ive been told i have potential
ham,Eminem rocks!Ôªø
spam,CHECK OUT MY YOUTUBE VIDEOS FOR FUNNY AND COOL RAP
ham,hay my is honesty wright i am 12year old  i love your song thank you for makeing this song i love this song so much sometime harts can get breaken  people kill  they self or go cazzy i  love you so much thanks üò±üëèkeep on go  make  sure you doing your   dream is comeing rule  good luckÔªø
ham,awesomeÔªø
ham,I lovetÔªø
spam,Subscribe and like my video please
spam,subscribed :) btw you have a good style keep it up brother :))
spam,I KNOW YOU MAY NOT WANT TO READ THIS BUT please do  I&#39;m 87 Cypher an 11 year old rapper I have skill people said .my stuff isn&#39;t as good as my new stuff but its good please check out my current songs comment and like thank you for reading rap is my life
ham,Charlie from Lost!Ôªø
ham,Eminem THE BEST !Ôªø
spam,"Usually guys I would vote people like this down but actually check out his channel, it reminds me of a smaller version of 8 mile. Give this guy a chance since everyone has to start somewhere!"
ham,‚ù§Ô∏è‚ù§Ô∏è‚ù§Ô∏èÔªø
spam,hello friends. i am a young 15 year old rapper trying to make something out of nothing..Please can you take a second of your life and check out my videos and help me reach my Dreams! GoD Bless YOU
ham,beautiful song!Ôªø
spam,CHECK OUT MY CHANNEL BOYS AND GIRLS ;)
spam,hey guys i know its annoying getting spammed sorry bout that but please take a moment to check out my channel  IM A RAPPER with DECENT skills. i want to share my music with more people so take a listen   THUMBS UP SO MORE CAN SEE THIS
ham,best rap everÔªø
ham,I lover this song
spam,hey guys i know you wanna skip over this but please take a chance and check out my music I&#39;m a young up and coming rapper with a big dream and i appreciate constructive critisism. so please have a look thank you for your time
ham,Love your songs<br />Supper cool<br />Ôªø
ham,I like the music...but is anyone listening to the lyrics?Ôªø
spam,Maybe no one will probably read this. But just in case you do Can You Put A &quot;Thumbs Up &quot;So Others Can See. I Just started rapping seriously (Type in Lunden- 1990 Video) just a simple button? can help my dreams come true. people will ignore this but if you don&#39;t can you listen and subscribe Thank you all God Bless.
ham,:DÔªø
spam,Check out my channel for some lyricism.....
ham,Me and my big sister like youÔªø
ham,Not badÔªø
ham,I love eminem  &lt;3Ôªø
ham,She looks like Megan Fox¬†üòÇ xD!!Ôªø
spam,Hey Go To My Channel Check Out My Dongs Thanks YouTuber&#39;s
ham,is that megan fox?Ôªø
ham,You can not hate eminem and nirvana...trust meÔªø
ham,Like eminenÔªø
spam,check out my playlist
spam,Media is Evil! Please see and share: W W W. THE FARRELL REPORT. NET  Top Ex UK Police Intelligence Analyst turned Whistleblower Tony Farrell exposes a horrific monstrous cover-up perpetrated by criminals operating crimes from inside Mainstream Entertainment and Media Law firms. Beware protect your children!! These devils brutally target innocent people. These are the real criminals linked to London&#39;s 7/7 attacks 2005.  MUST SEE AND MAKE VIRAL!!! Also see UK Column video on 31st January 2013.
spam,subscribe to my channel who can
ham,Simply rap godÔªø
ham,is that megan fox x:D?Ôªø
ham,I love this songÔªø
spam,check out my new EM cover video trailer
ham,Really good song .<br />you know love song song.Ôªø
ham,Eminem is the greatest artist to ever touch the mic.Ôªø
ham,i love Rihanna üòçüòçüòçüòç[‚ôßfrom Thailand‚ôß]Ôªø
ham,some classsic :))))Ôªø
spam,sorry for the spam yall I know it‚Äôs annoying. But if you can spare a min please check out the new track on my channel i&#39;m a upcoming uk rapper.please come check out my songs u might like em. If not no worries I‚Äôm sorry for wastin your time. Even thumbs up to get more noticed will really help. peace yall
ham,"This song is like an oreo, the black part is good but the white part is betterÔªø"
ham,That guy charley of lost TV showÔªø
spam,subscribe to my channel  /watch?v=NxK32i0HkDs
spam,HI IM 14 YEAR RAPPER SUPPORT ME GUY AND CHECK OUT MY CHANNEL AND CHECK OUT MY SONG YOU MIGHT LIKE IT ALSO FOLLOW ME IN TWITTER @McAshim for follow back.
ham,Hello Brazil üòª‚úåüíìüòªüëèÔªø
ham,EMINEM the best EVER.Ôªø
spam,hey guys look im aware im spamming and it pisses people off but please take a moment to check out my music.  im a young rapper and i love to do it and i just wanna share my music with more people  just click my picture and then see if you like my stuff
spam,DO YOU KNOW HOW SEAN KINGSTON GOT FAMOUS WHY DON&#39;T YOU LOOK IT UP KID BEFORE YOUR SO HARD ON YOURSELF!!  IF YOU HIT ME UP WITH A MESSAGE IN MY INBOX AND SUBSCRIBE I WILL CHECK OUT YOUR CHANNEL....SOUNDS FAIR TO ME.
ham,Best. Song. EVER üôåÔªø
spam,check out eminem latest track survival if u didnt
spam,SUBSCRIBE TO MY CHANNEL X PLEASE!. SPARE
spam,Check out my videos guy! :) Hope you guys had a good laugh :D
spam,3 yrs ago I had a health scare but thankfully I‚Äôm okay. I realized I wasn‚Äôt living life to the fullest.  Now I‚Äôm on a mission to do EVERYTHING I‚Äôve always wanted to do. If you found out you were going to die tomorrow would you be happy with what you‚Äôve accomplished or would you regret not doing certain things? Sorry for spamming I‚Äôm just trying to motivate people to do the things they‚Äôve always wanted to. If you‚Äôre bored come see what I‚Äôve done so far! Almost 1000 subscribers and I just started!
ham,Rihanna looks so beautiful with red hair ;)Ôªø
ham,857.482.940 views AWESOME !!!!!!!!!!!!!!!!!!!!!!!!!!!!!!!!!!!!!!!!!!Ôªø